{
  "model_name": "AlexNet",
  "timestamp": "2025-07-05 02:24:54",
  "train_metrics": {
    "dataset": "Train",
    "mse": 0.012311019003391266,
    "rmse": 0.11095502972602844,
    "mae": 0.07184761762619019,
    "r2_score": 0.9876889660683214,
    "mape": 44.08108592033386,
    "max_error": 1.1103382110595703,
    "normalized_rmse": 0.01317420694977045,
    "normalized_mae": 0.008530802093446255,
    "error_std": 0.08455150574445724,
    "error_p50": 0.04667236655950546,
    "error_p75": 0.0925151240080595,
    "error_p90": 0.15674200654029846,
    "error_p95": 0.21627956330776218,
    "error_p99": 0.4156821286678314,
    "high_error_001": 61419,
    "high_error_005": 33313,
    "high_error_01": 15648,
    "per_dim_mae": [
      0.04377508535981178,
      0.044675327837467194,
      0.10412329435348511,
      0.05335106700658798,
      0.07688752561807632,
      0.08737179636955261,
      0.0927492156624794
    ],
    "per_dim_rmse": [
      0.06078260764479637,
      0.0577220655977726,
      0.1657589077949524,
      0.07661827653646469,
      0.1066707894206047,
      0.11828718334436417,
      0.14294713735580444
    ],
    "total_samples": 10000
  },
  "test_metrics": {
    "dataset": "Test",
    "mse": 0.012169293127954006,
    "rmse": 0.1103145182132721,
    "mae": 0.07164428383111954,
    "r2_score": 0.9880076379322847,
    "mape": 44.892993569374084,
    "max_error": 1.1103382110595703,
    "normalized_rmse": 0.013196436688303947,
    "normalized_mae": 0.008570488542318344,
    "error_std": 0.08388321846723557,
    "error_p50": 0.04640059173107147,
    "error_p75": 0.09280478395521641,
    "error_p90": 0.1573190197348595,
    "error_p95": 0.2148499853909015,
    "error_p99": 0.4132861053943635,
    "high_error_001": 21872,
    "high_error_005": 11810,
    "high_error_01": 5607,
    "per_dim_mae": [
      0.04367188736796379,
      0.0447014756500721,
      0.10224499553442001,
      0.054918378591537476,
      0.07583037763834,
      0.08841507136821747,
      0.09172781556844711
    ],
    "per_dim_rmse": [
      0.06042339652776718,
      0.058089036494493484,
      0.16418012976646423,
      0.07878782600164413,
      0.1049497127532959,
      0.11877081543207169,
      0.1409827619791031
    ],
    "total_samples": 3560
  },
  "training_history": {
    "final_train_loss": 0.07324180006980896,
    "final_val_loss": 0.07514746487140656,
    "final_train_mse": 0.012307857163250446,
    "final_val_mse": 0.012885600328445435,
    "best_val_loss": 0.07164425402879715,
    "epochs_trained": 14,
    "training_time_seconds": 8653.332000017166
  },
  "model_complexity": {
    "trainable_params": 24272527,
    "non_trainable_params": 0.0,
    "total_params": 24272527.0,
    "model_size_mb": 92.59234237670898,
    "input_image_shape": [
      224,
      224,
      3
    ],
    "robot_state_dim": 7,
    "output_dim": 7
  },
  "data_info": {
    "train_samples": 10000,
    "test_samples": 3560,
    "total_samples": 13560,
    "image_shape": [
      224,
      224,
      3
    ],
    "robot_state_dim": 7,
    "batch_size": 64
  }
}