{
  "model_name": "Customized_CNN",
  "timestamp": "2025-07-07 02:02:16",
  "train_metrics": {
    "dataset": "Train",
    "mse": 0.015151056461036205,
    "rmse": 0.12308962643146515,
    "mae": 0.07300189882516861,
    "r2_score": 0.984848906211983,
    "mape": 42.456477880477905,
    "max_error": 1.2838058471679688,
    "normalized_rmse": 0.014615003950893879,
    "normalized_mae": 0.008667855523526669,
    "error_std": 0.09910507500171661,
    "error_p50": 0.04340951144695282,
    "error_p75": 0.08565471321344376,
    "error_p90": 0.16914734840393064,
    "error_p95": 0.24451418519020096,
    "error_p99": 0.4698361748456948,
    "high_error_001": 60835,
    "high_error_005": 31249,
    "high_error_01": 14455,
    "per_dim_mae": [
      0.03095882572233677,
      0.03226282820105553,
      0.11016103625297546,
      0.052261821925640106,
      0.07720839232206345,
      0.07228514552116394,
      0.1358751654624939
    ],
    "per_dim_rmse": [
      0.04131618142127991,
      0.046539608389139175,
      0.1927209347486496,
      0.07929514348506927,
      0.10780272632837296,
      0.10865877568721771,
      0.1879553198814392
    ],
    "total_samples": 10000
  },
  "test_metrics": {
    "dataset": "Test",
    "mse": 0.015260736458003521,
    "rmse": 0.12353435158729553,
    "mae": 0.07338791340589523,
    "r2_score": 0.9849468944641772,
    "mape": 46.721187233924866,
    "max_error": 1.2831530570983887,
    "normalized_rmse": 0.014777867123484612,
    "normalized_mae": 0.008779071271419525,
    "error_std": 0.09937283396720886,
    "error_p50": 0.04391127824783325,
    "error_p75": 0.08671386539936066,
    "error_p90": 0.16967346966266642,
    "error_p95": 0.2445182055234908,
    "error_p99": 0.47547045707702706,
    "high_error_001": 21669,
    "high_error_005": 11230,
    "high_error_01": 5186,
    "per_dim_mae": [
      0.031244562938809395,
      0.03250417113304138,
      0.10806318372488022,
      0.053474247455596924,
      0.07708943635225296,
      0.07468459755182266,
      0.13665518164634705
    ],
    "per_dim_rmse": [
      0.04183949902653694,
      0.047124240547418594,
      0.18838876485824585,
      0.07991257309913635,
      0.10696905851364136,
      0.11746198683977127,
      0.18904465436935425
    ],
    "total_samples": 3560
  },
  "training_history": {
    "final_train_loss": 0.07698240876197815,
    "final_val_loss": 0.07338786870241165,
    "final_train_mse": 0.016620952636003494,
    "final_val_mse": 0.015260739251971245,
    "best_val_loss": 0.07338786870241165,
    "epochs_trained": 15,
    "training_time_seconds": 48791.24695587158
  },
  "model_complexity": {
    "trainable_params": 22747215,
    "non_trainable_params": 0.0,
    "total_params": 22747215.0,
    "model_size_mb": 86.77373886108398,
    "input_image_shape": [
      224,
      224,
      3
    ],
    "robot_state_dim": 7,
    "output_dim": 7
  },
  "data_info": {
    "train_samples": 10000,
    "test_samples": 3560,
    "total_samples": 13560,
    "image_shape": [
      224,
      224,
      3
    ],
    "robot_state_dim": 7,
    "batch_size": 32
  }
}