{
  "model_name": "RCN_LSTM",
  "timestamp": "2025-07-04 12:35:04",
  "test_metrics": {
    "dataset": "Test",
    "mse": 0.033361874520778656,
    "rmse": 0.1826523393392563,
    "mae": 0.058177649974823,
    "r2_score": 0.9673030718642753,
    "mape": 42.63796806335449,
    "max_error": 3.944401741027832,
    "normalized_rmse": 0.021849889308214188,
    "normalized_mae": 0.006959534250199795,
    "error_std": 0.17313946783542633,
    "error_p50": 0.02675551176071167,
    "error_p75": 0.05949602276086807,
    "error_p90": 0.1068573415279389,
    "error_p95": 0.1561716973781584,
    "error_p99": 0.3935906103253366,
    "high_error_001": 19435,
    "high_error_005": 7688,
    "high_error_01": 2788,
    "per_dim_mae": [
      0.023797493427991867,
      0.025021931156516075,
      0.05862000584602356,
      0.029271870851516724,
      0.08272036164999008,
      0.09834177047014236,
      0.08947011828422546
    ],
    "per_dim_rmse": [
      0.08227118849754333,
      0.08352473378181458,
      0.11986346542835236,
      0.08299235254526138,
      0.21272508800029755,
      0.30351561307907104,
      0.2473045140504837
    ],
    "total_samples": 3556
  },
  "train_metrics": {
    "dataset": "Train",
    "mse": 0.032273806631565094,
    "rmse": 0.17964911460876465,
    "mae": 0.05711561068892479,
    "r2_score": 0.9668450601553464,
    "mape": 53.80558967590332,
    "max_error": 3.9470741748809814,
    "normalized_rmse": 0.02149062789976597,
    "normalized_mae": 0.006832487415522337,
    "error_std": 0.1703280657529831,
    "error_p50": 0.026537373661994934,
    "error_p75": 0.05890924111008644,
    "error_p90": 0.10486637353897095,
    "error_p95": 0.1505654007196426,
    "error_p99": 0.38311825454235077,
    "high_error_001": 46376,
    "high_error_005": 18034,
    "high_error_01": 6480,
    "per_dim_mae": [
      0.023588130250573158,
      0.02547190897166729,
      0.056413061916828156,
      0.02886657416820526,
      0.07989779859781265,
      0.09588360786437988,
      0.08968817442655563
    ],
    "per_dim_rmse": [
      0.08104093372821808,
      0.08414251357316971,
      0.11289338767528534,
      0.08169067651033401,
      0.19865460693836212,
      0.3009383976459503,
      0.25064557790756226
    ],
    "total_samples": 8496
  },
  "validation_metrics": {
    "dataset": "Validation",
    "mse": 0.03282259404659271,
    "rmse": 0.18117007613182068,
    "mae": 0.060454342514276505,
    "r2_score": 0.9656480164287161,
    "mape": 21.751682460308075,
    "max_error": 3.450352191925049,
    "normalized_rmse": 0.024249471724033356,
    "normalized_mae": 0.008091766387224197,
    "error_std": 0.17078600823879242,
    "error_p50": 0.026798248291015625,
    "error_p75": 0.06038178130984306,
    "error_p90": 0.11666944622993468,
    "error_p95": 0.17772868871688832,
    "error_p99": 0.4474930953979455,
    "high_error_001": 8219,
    "high_error_005": 3253,
    "high_error_01": 1316,
    "per_dim_mae": [
      0.027409713715314865,
      0.02833765372633934,
      0.051941968500614166,
      0.028945250436663628,
      0.08987387269735336,
      0.0990227609872818,
      0.09764914214611053
    ],
    "per_dim_rmse": [
      0.10126888006925583,
      0.0967922955751419,
      0.13714760541915894,
      0.10170076787471771,
      0.1938232034444809,
      0.27585750818252563,
      0.2594546377658844
    ],
    "total_samples": 1496
  },
  "training_history": {
    "final_train_loss": 0.07714806497097015,
    "final_val_loss": 0.06971514970064163,
    "final_train_mse": 0.03688983619213104,
    "final_val_mse": 0.037029463797807693,
    "best_val_loss": 0.06045432388782501,
    "epochs_trained": 34,
    "training_time_seconds": 52.069626808166504
  },
  "model_complexity": {
    "trainable_params": 246377,
    "non_trainable_params": 0.0,
    "total_params": 246377.0,
    "model_size_mb": 0.9398536682128906,
    "time_window": 4,
    "feature_dim": 80,
    "output_dim": 7
  },
  "data_info": {
    "train_samples": 8496,
    "val_samples": 1496,
    "test_samples": 3556,
    "total_original_samples": 13560,
    "image_shape": [
      224,
      224,
      3
    ],
    "robot_state_dim": 7
  }
}