{
  "model_name": "RCN_GRU",
  "timestamp": "2025-07-04 12:20:06",
  "test_metrics": {
    "dataset": "Test",
    "mse": 0.034599486738443375,
    "rmse": 0.18600937724113464,
    "mae": 0.06889387965202332,
    "r2_score": 0.9660155117871979,
    "mape": 45.079293847084045,
    "max_error": 3.8405001163482666,
    "normalized_rmse": 0.02225147746503353,
    "normalized_mae": 0.008241469040513039,
    "error_std": 0.17278052866458893,
    "error_p50": 0.03795182146131992,
    "error_p75": 0.07372845709323883,
    "error_p90": 0.12598917782306684,
    "error_p95": 0.17771266698837257,
    "error_p99": 0.4753561273217203,
    "high_error_001": 20875,
    "high_error_005": 9870,
    "high_error_01": 3833,
    "per_dim_mae": [
      0.038401294499635696,
      0.04437292739748955,
      0.07301356643438339,
      0.038131047040224075,
      0.07931098341941833,
      0.11229230463504791,
      0.09673503041267395
    ],
    "per_dim_rmse": [
      0.09191754460334778,
      0.09692423045635223,
      0.13713957369327545,
      0.08969934284687042,
      0.21280725300312042,
      0.29666951298713684,
      0.253377765417099
    ],
    "total_samples": 3556
  },
  "train_metrics": {
    "dataset": "Train",
    "mse": 0.033744942396879196,
    "rmse": 0.18369796872138977,
    "mae": 0.06833122670650482,
    "r2_score": 0.9651619905031995,
    "mape": 59.35590863227844,
    "max_error": 3.8464951515197754,
    "normalized_rmse": 0.021974973380565643,
    "normalized_mae": 0.008174161426723003,
    "error_std": 0.17051634192466736,
    "error_p50": 0.03789833188056946,
    "error_p75": 0.07372693717479706,
    "error_p90": 0.125329327583313,
    "error_p95": 0.17492188289761543,
    "error_p99": 0.4706959629058847,
    "high_error_001": 49910,
    "high_error_005": 23589,
    "high_error_01": 9122,
    "per_dim_mae": [
      0.038511987775564194,
      0.04610069841146469,
      0.07091913372278214,
      0.03874296322464943,
      0.07574188709259033,
      0.11095130443572998,
      0.09735061973333359
    ],
    "per_dim_rmse": [
      0.09117487072944641,
      0.09823840856552124,
      0.13024617731571198,
      0.08883833885192871,
      0.19907213747501373,
      0.29550597071647644,
      0.25776180624961853
    ],
    "total_samples": 8496
  },
  "validation_metrics": {
    "dataset": "Validation",
    "mse": 0.03497195616364479,
    "rmse": 0.18700790405273438,
    "mae": 0.07328090816736221,
    "r2_score": 0.9641262123953336,
    "mape": 20.700985193252563,
    "max_error": 3.485121250152588,
    "normalized_rmse": 0.02503086067736149,
    "normalized_mae": 0.009808591566979885,
    "error_std": 0.17205193638801575,
    "error_p50": 0.0402144193649292,
    "error_p75": 0.07711619883775711,
    "error_p90": 0.13355691432952876,
    "error_p95": 0.20095342993736262,
    "error_p99": 0.5631140226125704,
    "high_error_001": 8781,
    "high_error_005": 4277,
    "high_error_01": 1753,
    "per_dim_mae": [
      0.03866717964410782,
      0.044976506382226944,
      0.0797925665974617,
      0.04364805296063423,
      0.08185108751058578,
      0.11972148716449738,
      0.10430943220853806
    ],
    "per_dim_rmse": [
      0.10898415744304657,
      0.1081475019454956,
      0.16419717669487,
      0.11117368936538696,
      0.1909867823123932,
      0.27666065096855164,
      0.26247453689575195
    ],
    "total_samples": 1496
  },
  "training_history": {
    "final_train_loss": 0.08788900822401047,
    "final_val_loss": 0.07783506065607071,
    "final_train_mse": 0.040462676435709,
    "final_val_mse": 0.03631458058953285,
    "best_val_loss": 0.07328089326620102,
    "epochs_trained": 21,
    "training_time_seconds": 33.40950417518616
  },
  "model_complexity": {
    "trainable_params": 187377,
    "non_trainable_params": 0.0,
    "total_params": 187377.0,
    "model_size_mb": 0.7147865295410156,
    "time_window": 4,
    "feature_dim": 80,
    "output_dim": 7
  },
  "data_info": {
    "train_samples": 8496,
    "val_samples": 1496,
    "test_samples": 3556,
    "total_original_samples": 13560,
    "image_shape": [
      224,
      224,
      3
    ],
    "robot_state_dim": 7
  }
}