{
  "model_name": "ResNet152V2",
  "timestamp": "2025-07-05 17:13:13",
  "train_metrics": {
    "dataset": "Train",
    "mse": 1.7740942239761353,
    "rmse": 1.3319512605667114,
    "mae": 1.0017973184585571,
    "r2_score": -0.774973142186899,
    "mape": 673.7362861633301,
    "max_error": 6.158525466918945,
    "normalized_rmse": 0.15814876556396484,
    "normalized_mae": 0.1189480572938919,
    "error_std": 0.8777799606323242,
    "error_p50": 0.7836065590381622,
    "error_p75": 1.5364184975624084,
    "error_p90": 2.259133172035218,
    "error_p95": 2.738476920127867,
    "error_p99": 3.640879285335543,
    "high_error_001": 68557,
    "high_error_005": 64137,
    "high_error_01": 60203,
    "per_dim_mae": [
      0.9520246982574463,
      0.9403975009918213,
      0.9112766981124878,
      0.93865966796875,
      1.064613938331604,
      1.1138057708740234,
      1.0918031930923462
    ],
    "per_dim_rmse": [
      1.3219221830368042,
      1.3132987022399902,
      1.2385449409484863,
      1.29667329788208,
      1.3714510202407837,
      1.3855036497116089,
      1.3894507884979248
    ],
    "total_samples": 9984
  },
  "test_metrics": {
    "dataset": "Test",
    "mse": 0.03558648005127907,
    "rmse": 0.18864379823207855,
    "mae": 0.09735702723264694,
    "r2_score": 0.9651127561282661,
    "mape": 67.98644661903381,
    "max_error": 1.691906213760376,
    "normalized_rmse": 0.022566622123122215,
    "normalized_mae": 0.011646389961242676,
    "error_std": 0.16157998144626617,
    "error_p50": 0.042999327182769775,
    "error_p75": 0.10050464794039726,
    "error_p90": 0.23764926195144656,
    "error_p95": 0.375101965665817,
    "error_p99": 0.7965714442729949,
    "high_error_001": 21354,
    "high_error_005": 11193,
    "high_error_01": 6246,
    "per_dim_mae": [
      0.043760281056165695,
      0.03454090282320976,
      0.181771382689476,
      0.07453732192516327,
      0.12599511444568634,
      0.06772321462631226,
      0.15317100286483765
    ],
    "per_dim_rmse": [
      0.06137414649128914,
      0.05047520995140076,
      0.31495144963264465,
      0.13956774771213531,
      0.19989445805549622,
      0.09847872704267502,
      0.27287614345550537
    ],
    "total_samples": 3552
  },
  "training_history": {
    "final_train_loss": 0.0976746529340744,
    "final_val_loss": 0.09740317612886429,
    "final_train_mse": 0.0356876440346241,
    "final_val_mse": 0.03563329204916954,
    "best_val_loss": 0.09740317612886429,
    "epochs_trained": 20,
    "training_time_seconds": 23111.69251012802
  },
  "model_complexity": {
    "trainable_params": 3238159,
    "non_trainable_params": 58327552,
    "total_params": 61565711,
    "model_size_mb": 234.85454940795898,
    "input_image_shape": [
      224,
      224,
      3
    ],
    "robot_state_dim": 7,
    "output_dim": 7,
    "frozen_layers": 561,
    "trainable_layers": 13
  },
  "data_info": {
    "train_samples": 9984,
    "test_samples": 3552,
    "total_samples": 13536,
    "image_shape": [
      224,
      224,
      3
    ],
    "robot_state_dim": 7,
    "batch_size": 32
  }
}