{
  "model_name": "VGG19",
  "timestamp": "2025-07-06 07:03:17",
  "train_metrics": {
    "dataset": "Train",
    "mse": 0.004600637126713991,
    "rmse": 0.06782799959182739,
    "mae": 0.04551341012120247,
    "r2_score": 0.9953993567358834,
    "mape": 38.054755330085754,
    "max_error": 0.9080140590667725,
    "normalized_rmse": 0.008053533732891083,
    "normalized_mae": 0.005404018796980381,
    "error_std": 0.05029091238975525,
    "error_p50": 0.030844688415527344,
    "error_p75": 0.060973867774009705,
    "error_p90": 0.0988510251045227,
    "error_p95": 0.13038207441568375,
    "error_p99": 0.22601724773645393,
    "high_error_001": 57497,
    "high_error_005": 22527,
    "high_error_01": 6792,
    "per_dim_mae": [
      0.02486226335167885,
      0.021432874724268913,
      0.03884930536150932,
      0.047019004821777344,
      0.05253417417407036,
      0.05377383530139923,
      0.08012239634990692
    ],
    "per_dim_rmse": [
      0.03126733377575874,
      0.028573719784617424,
      0.05108978599309921,
      0.05945662781596184,
      0.08420350402593613,
      0.07159668207168579,
      0.10976695269346237
    ],
    "total_samples": 10000
  },
  "test_metrics": {
    "dataset": "Test",
    "mse": 0.0047785877250134945,
    "rmse": 0.06912732869386673,
    "mae": 0.04561104252934456,
    "r2_score": 0.9952918787456732,
    "mape": 34.63135063648224,
    "max_error": 0.9080140590667725,
    "normalized_rmse": 0.008269395679235458,
    "normalized_mae": 0.00545624690130353,
    "error_std": 0.05194442719221115,
    "error_p50": 0.03092348575592041,
    "error_p75": 0.06034135818481445,
    "error_p90": 0.09842690229415899,
    "error_p95": 0.13119636103510857,
    "error_p99": 0.23303380668163415,
    "high_error_001": 20521,
    "high_error_005": 7935,
    "high_error_01": 2383,
    "per_dim_mae": [
      0.025339925661683083,
      0.021376637741923332,
      0.03804291784763336,
      0.046633731573820114,
      0.05589812994003296,
      0.05294891446828842,
      0.07903703302145004
    ],
    "per_dim_rmse": [
      0.0316617414355278,
      0.028360705822706223,
      0.0500929020345211,
      0.05929335951805115,
      0.09447072446346283,
      0.07037052512168884,
      0.10835861414670944
    ],
    "total_samples": 3560
  },
  "training_history": {
    "final_train_loss": 0.050098393112421036,
    "final_val_loss": 0.05708039179444313,
    "final_train_mse": 0.0052519203163683414,
    "final_val_mse": 0.0065235267393291,
    "best_val_loss": 0.045611049979925156,
    "epochs_trained": 20,
    "training_time_seconds": 41091.157761096954
  },
  "model_complexity": {
    "trainable_params": 570639,
    "non_trainable_params": 20024384,
    "total_params": 20595023,
    "model_size_mb": 78.56377792358398,
    "input_image_shape": [
      224,
      224,
      3
    ],
    "robot_state_dim": 7,
    "output_dim": 7
  },
  "data_info": {
    "train_samples": 10000,
    "test_samples": 3560,
    "total_samples": 13560,
    "image_shape": [
      224,
      224,
      3
    ],
    "robot_state_dim": 7,
    "batch_size": 32
  }
}